".ci","test.random_label"
0,72.34588747378439
1,83.87430957518518
2,14.198238449171185
3,18.165008164942265
4,27.434006868861616
5,36.049416032619774
6,94.70485143829137
7,51.72974970191717
8,9.755409858189523
9,17.972412169910967